"Term","count.2013","pct.2013","count.2017","pct.2017","diff","pct.growth.rate"
"work",1,0.00013197835554969,12,0.00156514934133299,0.0014331709857833,10.85913655928
"graduate surveyor",1,0.00013197835554969,9,0.00117386200599974,0.00104188365045005,7.89435241946002
"driver operator",2,0.00026395671109938,16,0.00208686578844398,0.0018229090773446,6.90609103952002
"cscs carpenter",1,0.00013197835554969,8,0.00104343289422199,0.0009114545386723,6.90609103952002
"residential surveyor",1,0.00013197835554969,8,0.00104343289422199,0.0009114545386723,6.90609103952002
"project manager construction",3,0.00039593506664907,22,0.00286944045911047,0.0024735053924614,6.24725011956002
"senior technician",4,0.000527913422198759,28,0.00365201512977697,0.00312410170757821,5.91782965958002
"graduate",1,0.00013197835554969,7,0.000913003782444242,0.000781025426894552,5.91782965958002
"project manager contractor",1,0.00013197835554969,7,0.000913003782444242,0.000781025426894552,5.91782965958002
"project manager fit",1,0.00013197835554969,7,0.000913003782444242,0.000781025426894552,5.91782965958002
"maintenance operative",4,0.000527913422198759,26,0.00339115690622147,0.00286324348402271,5.42369896961002
"quantity surveyor fit",2,0.00026395671109938,12,0.00156514934133299,0.00130119263023361,4.92956827964002
"project manager new build",1,0.00013197835554969,6,0.000782574670666493,0.000650596315116803,4.92956827964002
"senior site manager",11,0.00145176191104659,64,0.00834746315377592,0.00689570124272933,4.7498843923782
"assistant site manager",13,0.00171571862214597,68,0.00886917960088692,0.00715346097874095,4.16936721814771
"project manager residential",2,0.00026395671109938,10,0.00130429111777749,0.00104033440667811,3.94130689970001
"site manager new build",2,0.00026395671109938,10,0.00130429111777749,0.00104033440667811,3.94130689970001
"graduate assistant quantity surveyor",1,0.00013197835554969,5,0.000652145558888744,0.000520167203339054,3.94130689970001
"multi carpenter",1,0.00013197835554969,5,0.000652145558888744,0.000520167203339054,3.94130689970001
"quantity surveyor new build",1,0.00013197835554969,5,0.000652145558888744,0.000520167203339054,3.94130689970001
"site engineer civils",1,0.00013197835554969,5,0.000652145558888744,0.000520167203339054,3.94130689970001
"senior civil engineer",2,0.00026395671109938,9,0.00117386200599974,0.000909905294900359,3.44717620973001
"trainee",12,0.00158374026659628,51,0.00665188470066519,0.00506814443406891,3.20011086474501
"civil technician",1,0.00013197835554969,4,0.000521716447110995,0.000389738091561305,2.95304551976001
"site fitter",1,0.00013197835554969,4,0.000521716447110995,0.000389738091561305,2.95304551976001
"assistant project manager",3,0.00039593506664907,11,0.00143472022955524,0.00103878516290617,2.62362505978001
"estimator contractor",2,0.00026395671109938,7,0.000913003782444242,0.000649047071344862,2.45891482979001
"assistant surveyor",5,0.000659891777748449,16,0.00208686578844398,0.00142697401069553,2.16243641580801
"structural technician",6,0.000791870133298139,19,0.00247815312377723,0.00168628299047909,2.12949436981001
"driver labourer",3,0.00039593506664907,9,0.00117386200599974,0.00077792693935067,1.96478413982001
"health safety officer",3,0.00039593506664907,9,0.00117386200599974,0.00077792693935067,1.96478413982001
"multi engineer",2,0.00026395671109938,6,0.000782574670666493,0.000518617959567113,1.96478413982001
"assistant technician",1,0.00013197835554969,3,0.000391287335333246,0.000259308979783557,1.96478413982001
"design build manager",1,0.00013197835554969,3,0.000391287335333246,0.000259308979783557,1.96478413982001
"design manager contractor",1,0.00013197835554969,3,0.000391287335333246,0.000259308979783557,1.96478413982001
"engineer k",1,0.00013197835554969,3,0.000391287335333246,0.000259308979783557,1.96478413982001
"maintenance carpenter",1,0.00013197835554969,3,0.000391287335333246,0.000259308979783557,1.96478413982001
"manager estimator",1,0.00013197835554969,3,0.000391287335333246,0.000259308979783557,1.96478413982001
"multi gas engineer",1,0.00013197835554969,3,0.000391287335333246,0.000259308979783557,1.96478413982001
"operator driver",1,0.00013197835554969,3,0.000391287335333246,0.000259308979783557,1.96478413982001
"project manager commercial fit",1,0.00013197835554969,3,0.000391287335333246,0.000259308979783557,1.96478413982001
"safety officer",1,0.00013197835554969,3,0.000391287335333246,0.000259308979783557,1.96478413982001
"senior development manager",1,0.00013197835554969,3,0.000391287335333246,0.000259308979783557,1.96478413982001
"senior officer",1,0.00013197835554969,3,0.000391287335333246,0.000259308979783557,1.96478413982001
"senior quantity surveyor residential",1,0.00013197835554969,3,0.000391287335333246,0.000259308979783557,1.96478413982001
"technical engineer",1,0.00013197835554969,3,0.000391287335333246,0.000259308979783557,1.96478413982001
"technician project manager",1,0.00013197835554969,3,0.000391287335333246,0.000259308979783557,1.96478413982001
"senior structural engineer",7,0.000923848488847829,20,0.00260858223555498,0.00168473374670715,1.82360394268572
"multi",16,0.00211165368879504,44,0.00573888091822095,0.00362722722942591,1.71771879483501
"assistant quantity surveyor",44,0.00580704764418635,118,0.0153906351897744,0.009583587545588,1.65033733711182
"k",3,0.00039593506664907,8,0.00104343289422199,0.000647497827572921,1.63536367984001
"maintenance technician",3,0.00039593506664907,8,0.00104343289422199,0.000647497827572921,1.63536367984001
"commercial director",2,0.00026395671109938,5,0.000652145558888744,0.000388188847789364,1.47065344985001
"structural engineer",17,0.00224363204434473,41,0.0053475935828877,0.00310396153854297,1.38345391632589
"manager contract",3,0.00039593506664907,7,0.000913003782444242,0.000517068715795172,1.30594321986001
"senior quantity surveyor civils",3,0.00039593506664907,7,0.000913003782444242,0.000517068715795172,1.30594321986001
"manager manager",4,0.000527913422198759,9,0.00117386200599974,0.00064594858380098,1.22358810486501
"quantity surveyor contractor",4,0.000527913422198759,9,0.00117386200599974,0.00064594858380098,1.22358810486501
"cscs",49,0.0064669394219348,105,0.0136950567366636,0.00722811731472882,1.11770295701429
"labourer",158,0.020852580176851,337,0.0439546106691013,0.0231020304922503,1.10787395594798
"senior surveyor",29,0.00382737231094101,60,0.00782574670666493,0.00399837439572392,1.04467871711725
"estimator quantity surveyor",3,0.00039593506664907,6,0.000782574670666493,0.000386639604017423,0.976522759880005
"project manager civil",3,0.00039593506664907,6,0.000782574670666493,0.000386639604017423,0.976522759880005
"trainee quantity surveyor",3,0.00039593506664907,6,0.000782574670666493,0.000386639604017423,0.976522759880005
"multi maintenance engineer",2,0.00026395671109938,4,0.000521716447110995,0.000257759736011615,0.976522759880005
"project manager electrical",2,0.00026395671109938,4,0.000521716447110995,0.000257759736011615,0.976522759880005
"quantity surveyor k",2,0.00026395671109938,4,0.000521716447110995,0.000257759736011615,0.976522759880005
"senior structural design engineer",2,0.00026395671109938,4,0.000521716447110995,0.000257759736011615,0.976522759880005
"senior technical manager",2,0.00026395671109938,4,0.000521716447110995,0.000257759736011615,0.976522759880005
"asbestos operative",1,0.00013197835554969,2,0.000260858223555498,0.000128879868005808,0.976522759880005
"assistant quantity surveyor estimator",1,0.00013197835554969,2,0.000260858223555498,0.000128879868005808,0.976522759880005
"civil manager",1,0.00013197835554969,2,0.000260858223555498,0.000128879868005808,0.976522759880005
"civils project manager",1,0.00013197835554969,2,0.000260858223555498,0.000128879868005808,0.976522759880005
"commercial surveyor",1,0.00013197835554969,2,0.000260858223555498,0.000128879868005808,0.976522759880005
"construction site manager",1,0.00013197835554969,2,0.000260858223555498,0.000128879868005808,0.976522759880005
"design engineer contract",1,0.00013197835554969,2,0.000260858223555498,0.000128879868005808,0.976522759880005
"director business",1,0.00013197835554969,2,0.000260858223555498,0.000128879868005808,0.976522759880005
"engineer design",1,0.00013197835554969,2,0.000260858223555498,0.000128879868005808,0.976522759880005
"estimator structural",1,0.00013197835554969,2,0.000260858223555498,0.000128879868005808,0.976522759880005
"graduate trainee",1,0.00013197835554969,2,0.000260858223555498,0.000128879868005808,0.976522759880005
"k k",1,0.00013197835554969,2,0.000260858223555498,0.000128879868005808,0.976522759880005
"labourer trainee",1,0.00013197835554969,2,0.000260858223555498,0.000128879868005808,0.976522759880005
"manager commercial",1,0.00013197835554969,2,0.000260858223555498,0.000128879868005808,0.976522759880005
"multi technician",1,0.00013197835554969,2,0.000260858223555498,0.000128879868005808,0.976522759880005
"planner construction",1,0.00013197835554969,2,0.000260858223555498,0.000128879868005808,0.976522759880005
"project manager build",1,0.00013197835554969,2,0.000260858223555498,0.000128879868005808,0.976522759880005
"property technician",1,0.00013197835554969,2,0.000260858223555498,0.000128879868005808,0.976522759880005
"quantity surveyor assistant quantity surveyor",1,0.00013197835554969,2,0.000260858223555498,0.000128879868005808,0.976522759880005
"quantity surveyor contract",1,0.00013197835554969,2,0.000260858223555498,0.000128879868005808,0.976522759880005
"quantity surveyor k k",1,0.00013197835554969,2,0.000260858223555498,0.000128879868005808,0.976522759880005
"senior engineer agent",1,0.00013197835554969,2,0.000260858223555498,0.000128879868005808,0.976522759880005
"service supervisor",1,0.00013197835554969,2,0.000260858223555498,0.000128879868005808,0.976522759880005
"site assistant",1,0.00013197835554969,2,0.000260858223555498,0.000128879868005808,0.976522759880005
"site manager residential development",1,0.00013197835554969,2,0.000260858223555498,0.000128879868005808,0.976522759880005
"technical surveyor",1,0.00013197835554969,2,0.000260858223555498,0.000128879868005808,0.976522759880005
"trainee engineer",1,0.00013197835554969,2,0.000260858223555498,0.000128879868005808,0.976522759880005
"technician",71,0.00937046324402798,133,0.0173470718664406,0.00797660862241261,0.851250190591836
"technical coordinator",7,0.000923848488847829,13,0.00169557845311073,0.000771729964262905,0.835342562745719
"site manager",168,0.0221723637323479,310,0.0404330246511021,0.0182606609187542,0.823577546317862
"electrical project manager",5,0.000659891777748449,9,0.00117386200599974,0.00051397022825129,0.778870483892005
"carpenter",62,0.00818265804408077,109,0.0142167731837746,0.00603411513969385,0.73742726473323
"project",24,0.00316748053319256,42,0.00547802269466545,0.00231054216147289,0.729457414895005
"cpcs operator",8,0.00105582684439752,14,0.00182600756488848,0.000770180720490964,0.729457414895004
"health safety",4,0.000527913422198759,7,0.000913003782444242,0.000385090360245482,0.729457414895004
"mechanical",4,0.000527913422198759,7,0.000913003782444242,0.000385090360245482,0.729457414895004
"construction",19,0.00250758875544411,33,0.00430416068866571,0.0017965719332216,0.716453975685268
"commercial gas engineer",15,0.00197967533324535,26,0.00339115690622147,0.00141148157297612,0.712986391896005
"electrical supervisor",6,0.000791870133298139,10,0.00130429111777749,0.000512420984479349,0.647102299900004
"assistant property manager",3,0.00039593506664907,5,0.000652145558888744,0.000256210492239674,0.647102299900004
"civil design engineer",3,0.00039593506664907,5,0.000652145558888744,0.000256210492239674,0.647102299900004
"e technician",3,0.00039593506664907,5,0.000652145558888744,0.000256210492239674,0.647102299900004
"mechanical maintenance engineer",3,0.00039593506664907,5,0.000652145558888744,0.000256210492239674,0.647102299900004
"mechanical project manager",15,0.00197967533324535,25,0.00326072779444372,0.00128105246119837,0.647102299900004
"contract",9,0.00118780519994721,15,0.00195643667666623,0.000768631476719023,0.647102299900004
"design",9,0.00118780519994721,15,0.00195643667666623,0.000768631476719023,0.647102299900004
"manager contractor",8,0.00105582684439752,13,0.00169557845311073,0.000639751608713216,0.605924742402504
"fitter",26,0.00343143724429194,42,0.00547802269466545,0.00204658545037351,0.59642222913385
"site agent",15,0.00197967533324535,24,0.00313029868266597,0.00115062334942062,0.581218207904004
"assistant",54,0.00712683119968325,86,0.0112169036128864,0.00409007241320314,0.573897753237782
"construction project manager",7,0.000923848488847829,11,0.00143472022955524,0.000510871740707408,0.552982168477147
"assistant manager",9,0.00118780519994721,14,0.00182600756488848,0.000638202364941275,0.537295479906671
"project quantity surveyor",23,0.00303550217764287,35,0.00456501891222121,0.00152951673457834,0.503876012952178
"quantity",8,0.00105582684439752,12,0.00156514934133299,0.000509322496935467,0.482392069910004
"senior quantity surveyor fit",4,0.000527913422198759,6,0.000782574670666493,0.000254661248467733,0.482392069910004
"commercial assistant",2,0.00026395671109938,3,0.000391287335333246,0.000127330624233867,0.482392069910004
"contractor",2,0.00026395671109938,3,0.000391287335333246,0.000127330624233867,0.482392069910004
"quantity surveyor manager",2,0.00026395671109938,3,0.000391287335333246,0.000127330624233867,0.482392069910004
"senior planner construction",2,0.00026395671109938,3,0.000391287335333246,0.000127330624233867,0.482392069910004
"senior",49,0.0064669394219348,73,0.00952132515977566,0.00305438573784086,0.472307770114698
"technical manager",25,0.00329945888874225,37,0.00482587713577671,0.00152641824703446,0.462626842311204
"design manager",46,0.00607100435528573,68,0.00886917960088692,0.00279817524560119,0.46090812686783
"cpcs",24,0.00316748053319256,35,0.00456501891222121,0.00139753837902865,0.441214512412504
"site engineer",51,0.00673089613303418,73,0.00952132515977566,0.00279042902674148,0.414570210502357
"civil",7,0.000923848488847829,10,0.00130429111777749,0.000380442628929659,0.411801971342861
"maintenance",29,0.00382737231094101,41,0.0053475935828877,0.00152022127194669,0.397197123363452
"senior quantity surveyor",167,0.0220403853767982,234,0.0305204121559932,0.00848002677919501,0.384749478478806
"technical",10,0.0013197835554969,14,0.00182600756488848,0.000506224009391585,0.383565931916004
"quantity surveyor",338,0.0446086841757952,471,0.0614321116473197,0.0168234274715245,0.377133461395684
"senior design engineer",8,0.00105582684439752,11,0.00143472022955524,0.000378893385157718,0.358859397417504
"site",27,0.00356341559984163,36,0.00469544802399896,0.00113203242415733,0.317681839920004
"e manager",6,0.000791870133298139,8,0.00104343289422199,0.000251562760923851,0.317681839920003
"assistant quantity surveyor contractor",3,0.00039593506664907,4,0.000521716447110995,0.000125781380461926,0.317681839920003
"fit",3,0.00039593506664907,4,0.000521716447110995,0.000125781380461926,0.317681839920003
"senior site manager residential",3,0.00039593506664907,4,0.000521716447110995,0.000125781380461926,0.317681839920003
"supervisor",53,0.00699485284413356,69,0.00899960871266467,0.0020047558685311,0.286604438035098
"operative",32,0.00422330737759008,41,0.0053475935828877,0.00112428620529762,0.266209893048128
"surveyor",126,0.0166292727992609,159,0.0207382287726621,0.00410895597340113,0.24709174135286
"construction manager",23,0.00303550217764287,29,0.00378244424155471,0.000746942063911848,0.24606869644609
"graduate quantity surveyor",8,0.00105582684439752,10,0.00130429111777749,0.000248464273379969,0.235326724925003
"estate manager",4,0.000527913422198759,5,0.000652145558888744,0.000124232136689985,0.235326724925003
"multi trade",4,0.000527913422198759,5,0.000652145558888744,0.000124232136689985,0.235326724925003
"health safety advisor",17,0.00224363204434473,21,0.00273901134733272,0.000495379302987997,0.22079346933765
"consultant",26,0.00343143724429194,32,0.00417373157688796,0.000742294332596025,0.216321698387695
"maintenance electrician",9,0.00118780519994721,11,0.00143472022955524,0.000246915029608028,0.20787501992667
"advisor",24,0.00316748053319256,29,0.00378244424155471,0.000614963708362158,0.194149167427503
"maintenance assistant",5,0.000659891777748449,6,0.000782574670666493,0.000122682892918044,0.185913655928003
"manager k",6,0.000791870133298139,7,0.000913003782444242,0.000121133649146102,0.152971609930003
"structural design engineer",6,0.000791870133298139,7,0.000913003782444242,0.000121133649146102,0.152971609930003
"electrician",130,0.0171571862214597,151,0.0196947958784401,0.00253760965698039,0.147903602853388
"commercial",7,0.000923848488847829,8,0.00104343289422199,0.000119584405374161,0.129441577074289
"cscs labourer",50,0.00659891777748449,57,0.00743445937133168,0.000835541593847189,0.126617973131603
"site manager residential",9,0.00118780519994721,10,0.00130429111777749,0.000116485917830279,0.0980681999333363
"operator",109,0.0143856407549162,120,0.0156514934133299,0.00126585265841366,0.0879941797504616
"gas engineer",32,0.00422330737759008,35,0.00456501891222121,0.000341711534631133,0.0809108843093778
"experience",5,0.000659891777748449,5,0.000652145558888744,-7.7462188597052e-06,-0.0117386200599973
"civil engineer",10,0.0013197835554969,10,0.00130429111777749,-1.54924377194104e-05,-0.0117386200599973
"residential",9,0.00118780519994721,9,0.00117386200599974,-1.39431939474694e-05,-0.0117386200599973
"estimator civils",3,0.00039593506664907,3,0.000391287335333246,-4.64773131582315e-06,-0.0117386200599973
"manager maintenance",3,0.00039593506664907,3,0.000391287335333246,-4.64773131582315e-06,-0.0117386200599973
"technical assistant",3,0.00039593506664907,3,0.000391287335333246,-4.64773131582315e-06,-0.0117386200599973
"technical design coordinator",3,0.00039593506664907,3,0.000391287335333246,-4.64773131582315e-06,-0.0117386200599973
"multi operative",6,0.000791870133298139,6,0.000782574670666493,-9.2954626316463e-06,-0.0117386200599973
"electrical engineer",31,0.00409132902204039,31,0.00404330246511021,-4.80265569301726e-05,-0.0117386200599974
"electrical maintenance engineer",15,0.00197967533324535,15,0.00195643667666623,-2.32386565791158e-05,-0.0117386200599974
"mechanical engineer",21,0.00277154546654349,21,0.00273901134733272,-3.25341192107622e-05,-0.0117386200599974
"agent civil",1,0.00013197835554969,1,0.000130429111777749,-1.54924377194108e-06,-0.0117386200599975
"asbestos coordinator",1,0.00013197835554969,1,0.000130429111777749,-1.54924377194108e-06,-0.0117386200599975
"assistant coordinator",1,0.00013197835554969,1,0.000130429111777749,-1.54924377194108e-06,-0.0117386200599975
"assistant manager coordinator",1,0.00013197835554969,1,0.000130429111777749,-1.54924377194108e-06,-0.0117386200599975
"assistant site manager house",1,0.00013197835554969,1,0.000130429111777749,-1.54924377194108e-06,-0.0117386200599975
"civil structural",1,0.00013197835554969,1,0.000130429111777749,-1.54924377194108e-06,-0.0117386200599975
"civil structural engineer",1,0.00013197835554969,1,0.000130429111777749,-1.54924377194108e-06,-0.0117386200599975
"civils site agent",1,0.00013197835554969,1,0.000130429111777749,-1.54924377194108e-06,-0.0117386200599975
"civils supervisor",1,0.00013197835554969,1,0.000130429111777749,-1.54924377194108e-06,-0.0117386200599975
"commercial manager civil",1,0.00013197835554969,1,0.000130429111777749,-1.54924377194108e-06,-0.0117386200599975
"commercial manager senior",1,0.00013197835554969,1,0.000130429111777749,-1.54924377194108e-06,-0.0117386200599975
"commercial property",1,0.00013197835554969,1,0.000130429111777749,-1.54924377194108e-06,-0.0117386200599975
"construction consultant",1,0.00013197835554969,1,0.000130429111777749,-1.54924377194108e-06,-0.0117386200599975
"construction design manager",1,0.00013197835554969,1,0.000130429111777749,-1.54924377194108e-06,-0.0117386200599975
"construction maintenance",1,0.00013197835554969,1,0.000130429111777749,-1.54924377194108e-06,-0.0117386200599975
"construction manager commercial fit",1,0.00013197835554969,1,0.000130429111777749,-1.54924377194108e-06,-0.0117386200599975
"construction operative",1,0.00013197835554969,1,0.000130429111777749,-1.54924377194108e-06,-0.0117386200599975
"consultant property construction",1,0.00013197835554969,1,0.000130429111777749,-1.54924377194108e-06,-0.0117386200599975
"contract technician",1,0.00013197835554969,1,0.000130429111777749,-1.54924377194108e-06,-0.0117386200599975
"cscs site",1,0.00013197835554969,1,0.000130429111777749,-1.54924377194108e-06,-0.0117386200599975
"director contractor",1,0.00013197835554969,1,0.000130429111777749,-1.54924377194108e-06,-0.0117386200599975
"director project",1,0.00013197835554969,1,0.000130429111777749,-1.54924377194108e-06,-0.0117386200599975
"director property",1,0.00013197835554969,1,0.000130429111777749,-1.54924377194108e-06,-0.0117386200599975
"driver driver",1,0.00013197835554969,1,0.000130429111777749,-1.54924377194108e-06,-0.0117386200599975
"engineer construction",1,0.00013197835554969,1,0.000130429111777749,-1.54924377194108e-06,-0.0117386200599975
"estate agent k",1,0.00013197835554969,1,0.000130429111777749,-1.54924377194108e-06,-0.0117386200599975
"estimator manager",1,0.00013197835554969,1,0.000130429111777749,-1.54924377194108e-06,-0.0117386200599975
"estimator new build",1,0.00013197835554969,1,0.000130429111777749,-1.54924377194108e-06,-0.0117386200599975
"fit manager",1,0.00013197835554969,1,0.000130429111777749,-1.54924377194108e-06,-0.0117386200599975
"fitter fitter",1,0.00013197835554969,1,0.000130429111777749,-1.54924377194108e-06,-0.0117386200599975
"gas supervisor",1,0.00013197835554969,1,0.000130429111777749,-1.54924377194108e-06,-0.0117386200599975
"graduate consultant",1,0.00013197835554969,1,0.000130429111777749,-1.54924377194108e-06,-0.0117386200599975
"graduate mechanical engineer",1,0.00013197835554969,1,0.000130429111777749,-1.54924377194108e-06,-0.0117386200599975
"graduate technician",1,0.00013197835554969,1,0.000130429111777749,-1.54924377194108e-06,-0.0117386200599975
"health safety consultant",1,0.00013197835554969,1,0.000130429111777749,-1.54924377194108e-06,-0.0117386200599975
"house manager",1,0.00013197835554969,1,0.000130429111777749,-1.54924377194108e-06,-0.0117386200599975
"labourer driver",1,0.00013197835554969,1,0.000130429111777749,-1.54924377194108e-06,-0.0117386200599975
"manager estate",1,0.00013197835554969,1,0.000130429111777749,-1.54924377194108e-06,-0.0117386200599975
"manager fit",1,0.00013197835554969,1,0.000130429111777749,-1.54924377194108e-06,-0.0117386200599975
"manager property manager",1,0.00013197835554969,1,0.000130429111777749,-1.54924377194108e-06,-0.0117386200599975
"officer maintenance",1,0.00013197835554969,1,0.000130429111777749,-1.54924377194108e-06,-0.0117386200599975
"operator new",1,0.00013197835554969,1,0.000130429111777749,-1.54924377194108e-06,-0.0117386200599975
"planner project",1,0.00013197835554969,1,0.000130429111777749,-1.54924377194108e-06,-0.0117386200599975
"project manager contract",1,0.00013197835554969,1,0.000130429111777749,-1.54924377194108e-06,-0.0117386200599975
"project manager mechanical electrical",1,0.00013197835554969,1,0.000130429111777749,-1.54924377194108e-06,-0.0117386200599975
"property consultant",1,0.00013197835554969,1,0.000130429111777749,-1.54924377194108e-06,-0.0117386200599975
"property k",1,0.00013197835554969,1,0.000130429111777749,-1.54924377194108e-06,-0.0117386200599975
"quantity surveyor commercial fit",1,0.00013197835554969,1,0.000130429111777749,-1.54924377194108e-06,-0.0117386200599975
"quantity surveyor mechanical electrical",1,0.00013197835554969,1,0.000130429111777749,-1.54924377194108e-06,-0.0117386200599975
"quantity surveyor project",1,0.00013197835554969,1,0.000130429111777749,-1.54924377194108e-06,-0.0117386200599975
"quantity surveyor quantity surveyor",1,0.00013197835554969,1,0.000130429111777749,-1.54924377194108e-06,-0.0117386200599975
"quantity surveyor senior quantity surveyor fit",1,0.00013197835554969,1,0.000130429111777749,-1.54924377194108e-06,-0.0117386200599975
"safety health advisor",1,0.00013197835554969,1,0.000130429111777749,-1.54924377194108e-06,-0.0117386200599975
"senior construction manager",1,0.00013197835554969,1,0.000130429111777749,-1.54924377194108e-06,-0.0117386200599975
"senior estimator residential",1,0.00013197835554969,1,0.000130429111777749,-1.54924377194108e-06,-0.0117386200599975
"senior manager quantity surveyor",1,0.00013197835554969,1,0.000130429111777749,-1.54924377194108e-06,-0.0117386200599975
"senior project manager k",1,0.00013197835554969,1,0.000130429111777749,-1.54924377194108e-06,-0.0117386200599975
"senior project manager residential",1,0.00013197835554969,1,0.000130429111777749,-1.54924377194108e-06,-0.0117386200599975
"senior technical coordinator residential",1,0.00013197835554969,1,0.000130429111777749,-1.54924377194108e-06,-0.0117386200599975
"service assistant",1,0.00013197835554969,1,0.000130429111777749,-1.54924377194108e-06,-0.0117386200599975
"site electrician",1,0.00013197835554969,1,0.000130429111777749,-1.54924377194108e-06,-0.0117386200599975
"site manager supervisor",1,0.00013197835554969,1,0.000130429111777749,-1.54924377194108e-06,-0.0117386200599975
"structural design",1,0.00013197835554969,1,0.000130429111777749,-1.54924377194108e-06,-0.0117386200599975
"supervisor construction",1,0.00013197835554969,1,0.000130429111777749,-1.54924377194108e-06,-0.0117386200599975
"trade operative",1,0.00013197835554969,1,0.000130429111777749,-1.54924377194108e-06,-0.0117386200599975
"trainee assistant estimator",1,0.00013197835554969,1,0.000130429111777749,-1.54924377194108e-06,-0.0117386200599975
"trainee estimator construction",1,0.00013197835554969,1,0.000130429111777749,-1.54924377194108e-06,-0.0117386200599975
"assistant quantity surveyor residential",2,0.00026395671109938,2,0.000260858223555498,-3.09848754388215e-06,-0.0117386200599975
"business development consultant",2,0.00026395671109938,2,0.000260858223555498,-3.09848754388215e-06,-0.0117386200599975
"construction labourer",2,0.00026395671109938,2,0.000260858223555498,-3.09848754388215e-06,-0.0117386200599975
"e engineer",2,0.00026395671109938,2,0.000260858223555498,-3.09848754388215e-06,-0.0117386200599975
"electrical site supervisor",2,0.00026395671109938,2,0.000260858223555498,-3.09848754388215e-06,-0.0117386200599975
"graduate design engineer",2,0.00026395671109938,2,0.000260858223555498,-3.09848754388215e-06,-0.0117386200599975
"manager project",2,0.00026395671109938,2,0.000260858223555498,-3.09848754388215e-06,-0.0117386200599975
"manager residential k",2,0.00026395671109938,2,0.000260858223555498,-3.09848754388215e-06,-0.0117386200599975
"planner development",2,0.00026395671109938,2,0.000260858223555498,-3.09848754388215e-06,-0.0117386200599975
"project manager mechanical",2,0.00026395671109938,2,0.000260858223555498,-3.09848754388215e-06,-0.0117386200599975
"quantity surveyor e",2,0.00026395671109938,2,0.000260858223555498,-3.09848754388215e-06,-0.0117386200599975
"senior contract",2,0.00026395671109938,2,0.000260858223555498,-3.09848754388215e-06,-0.0117386200599975
"senior project manager contractor",2,0.00026395671109938,2,0.000260858223555498,-3.09848754388215e-06,-0.0117386200599975
"senior quantity surveyor quantity surveyor",2,0.00026395671109938,2,0.000260858223555498,-3.09848754388215e-06,-0.0117386200599975
"service manager",2,0.00026395671109938,2,0.000260858223555498,-3.09848754388215e-06,-0.0117386200599975
"supervisor maintenance",2,0.00026395671109938,2,0.000260858223555498,-3.09848754388215e-06,-0.0117386200599975
"surveyor contract",2,0.00026395671109938,2,0.000260858223555498,-3.09848754388215e-06,-0.0117386200599975
"surveyor estimator",2,0.00026395671109938,2,0.000260858223555498,-3.09848754388215e-06,-0.0117386200599975
"surveyor senior surveyor",2,0.00026395671109938,2,0.000260858223555498,-3.09848754388215e-06,-0.0117386200599975
"surveyor surveyor",2,0.00026395671109938,2,0.000260858223555498,-3.09848754388215e-06,-0.0117386200599975
"technical officer",2,0.00026395671109938,2,0.000260858223555498,-3.09848754388215e-06,-0.0117386200599975
"construction director",4,0.000527913422198759,4,0.000521716447110995,-6.19697508776431e-06,-0.0117386200599975
"development officer",4,0.000527913422198759,4,0.000521716447110995,-6.19697508776431e-06,-0.0117386200599975
"e project manager",4,0.000527913422198759,4,0.000521716447110995,-6.19697508776431e-06,-0.0117386200599975
"agent",8,0.00105582684439752,8,0.00104343289422199,-1.23939501755286e-05,-0.0117386200599975
"development manager",8,0.00105582684439752,8,0.00104343289422199,-1.23939501755286e-05,-0.0117386200599975
"driver",157,0.0207206018213013,156,0.0203469414373288,-0.000373660383972494,-0.0180332785309528
"cpcs driver",19,0.00250758875544411,18,0.00234772401199948,-0.000159864743444629,-0.0637523768989449
"estate",10,0.0013197835554969,9,0.00117386200599974,-0.000145921549497159,-0.110564758053998
"senior mechanical design engineer",19,0.00250758875544411,17,0.00221729490022173,-0.000290293855222378,-0.115766133737892
"coordinator",45,0.00593902599973604,40,0.00521716447110995,-0.000721861528626092,-0.121545440053331
"officer",45,0.00593902599973604,40,0.00521716447110995,-0.000721861528626092,-0.121545440053331
"health safety manager",18,0.00237561039989442,16,0.00208686578844398,-0.000288744611450437,-0.121545440053331
"maintenance supervisor",8,0.00105582684439752,7,0.000913003782444242,-0.000142823061953277,-0.135271292552498
"estate agent",7,0.000923848488847829,6,0.000782574670666493,-0.000141273818181336,-0.152918817194283
"gas service engineer",7,0.000923848488847829,6,0.000782574670666493,-0.000141273818181336,-0.152918817194283
"maintenance manager",13,0.00171571862214597,11,0.00143472022955524,-0.000280998392590731,-0.163778832358459
"mechanical manager",6,0.000791870133298139,5,0.000652145558888744,-0.000139724574409395,-0.176448850049998
"senior consultant",6,0.000791870133298139,5,0.000652145558888744,-0.000139724574409395,-0.176448850049998
"service engineer",24,0.00316748053319256,20,0.00260858223555498,-0.00055889829763758,-0.176448850049998
"site supervisor",23,0.00303550217764287,19,0.00247815312377723,-0.000557349053865639,-0.183610164397389
"gas",11,0.00145176191104659,9,0.00117386200599974,-0.000277899905046849,-0.191422507321816
"estimator",152,0.0200607100435529,123,0.0160427807486631,-0.00401792929488975,-0.200288488601182
"e coordinator",5,0.000659891777748449,4,0.000521716447110995,-0.000138175330637454,-0.209390896047998
"senior quantity surveyor contractor",5,0.000659891777748449,4,0.000521716447110995,-0.000138175330637454,-0.209390896047998
"labourer cscs",14,0.00184769697769566,11,0.00143472022955524,-0.000412976748140421,-0.223508915761427
"project manager",243,0.0320707403985746,190,0.0247815312377723,-0.00728920916080236,-0.227285340787652
"engineer",186,0.0245479741322423,145,0.0189122212077736,-0.00563575292446874,-0.229581182304837
"quantity surveyor estimator",9,0.00118780519994721,7,0.000913003782444242,-0.000274801417502967,-0.231352260046665
"manager construction",18,0.00237561039989442,14,0.00182600756488848,-0.000549602835005934,-0.231352260046665
"electrical estimator",17,0.00224363204434473,13,0.00169557845311073,-0.000548053591233993,-0.244270709457645
"property manager",29,0.00382737231094101,22,0.00286944045911047,-0.000957931851830532,-0.250284470390343
"e planner",4,0.000527913422198759,3,0.000391287335333246,-0.000136626086865513,-0.258803965044998
"p",4,0.000527913422198759,3,0.000391287335333246,-0.000136626086865513,-0.258803965044998
"project manager senior project manager",4,0.000527913422198759,3,0.000391287335333246,-0.000136626086865513,-0.258803965044998
"manager",497,0.0655932427081959,369,0.0481283422459893,-0.0174649004622066,-0.266260665597865
"senior engineer",34,0.00448726408868945,25,0.00326072779444372,-0.00122653629424573,-0.273337220632351
"maintenance engineer",15,0.00197967533324535,11,0.00143472022955524,-0.000544955103690111,-0.275274988043998
"asbestos surveyor p",11,0.00145176191104659,8,0.00104343289422199,-0.000408329016824598,-0.281264450952725
"electrical",22,0.00290352382209318,16,0.00208686578844398,-0.000816658033649196,-0.281264450952725
"assistant estimator",7,0.000923848488847829,5,0.000652145558888744,-0.000271702929959085,-0.29409901432857
"commercial manager",38,0.00501517751088821,27,0.00352158601799922,-0.001493591492889,-0.297814282674209
"business",9,0.00118780519994721,6,0.000782574670666493,-0.000405230529280716,-0.341159080039998
"development",3,0.00039593506664907,2,0.000260858223555498,-0.000135076843093572,-0.341159080039998
"electrical fitter",3,0.00039593506664907,2,0.000260858223555498,-0.000135076843093572,-0.341159080039998
"graduate civil engineer",3,0.00039593506664907,2,0.000260858223555498,-0.000135076843093572,-0.341159080039998
"quantity surveyor agent",3,0.00039593506664907,2,0.000260858223555498,-0.000135076843093572,-0.341159080039998
"quantity surveyor project manager",3,0.00039593506664907,2,0.000260858223555498,-0.000135076843093572,-0.341159080039998
"senior advisor",3,0.00039593506664907,2,0.000260858223555498,-0.000135076843093572,-0.341159080039998
"senior quantity",3,0.00039593506664907,2,0.000260858223555498,-0.000135076843093572,-0.341159080039998
"trainee estimator",3,0.00039593506664907,2,0.000260858223555498,-0.000135076843093572,-0.341159080039998
"estimator civil",6,0.000791870133298139,4,0.000521716447110995,-0.000270153686187144,-0.341159080039998
"mechanical supervisor",6,0.000791870133298139,4,0.000521716447110995,-0.000270153686187144,-0.341159080039998
"structural",6,0.000791870133298139,4,0.000521716447110995,-0.000270153686187144,-0.341159080039998
"e quantity surveyor",12,0.00158374026659628,8,0.00104343289422199,-0.000540307372374288,-0.341159080039998
"site labourer",8,0.00105582684439752,5,0.000652145558888744,-0.000403681285508775,-0.382336637537498
"senior electrical design engineer",23,0.00303550217764287,14,0.00182600756488848,-0.00120949461275438,-0.398449594819129
"engineer electrical",5,0.000659891777748449,3,0.000391287335333246,-0.000268604442415203,-0.407043172035998
"senior estimator contractor",5,0.000659891777748449,3,0.000391287335333246,-0.000268604442415203,-0.407043172035998
"property",15,0.00197967533324535,9,0.00117386200599974,-0.000805813327245608,-0.407043172035998
"senior project manager",46,0.00607100435528573,27,0.00352158601799922,-0.00254941833728652,-0.419933537861303
"asbestos surveyor",39,0.0051471558664379,22,0.00286944045911047,-0.00227771540732743,-0.442519221572306
"senior planner",48,0.00633496106638511,27,0.00352158601799922,-0.0028133750483859,-0.444102973783749
"contract manager",22,0.00290352382209318,12,0.00156514934133299,-0.00133837448076019,-0.460948338214544
"business manager",13,0.00171571862214597,7,0.000913003782444242,-0.000802714839701726,-0.467859256955383
"senior mechanical engineer",13,0.00171571862214597,7,0.000913003782444242,-0.000802714839701726,-0.467859256955383
"director",33,0.00435528573313977,17,0.00221729490022173,-0.00213799083291804,-0.490895652758181
"design engineer",40,0.00527913422198759,20,0.00260858223555498,-0.00267055198643262,-0.505869310029999
"quantity surveyor civils",14,0.00184769697769566,7,0.000913003782444242,-0.000934693195251416,-0.505869310029999
"business development manager k",2,0.00026395671109938,1,0.000130429111777749,-0.000133527599321631,-0.505869310029999
"carpenter cscs",2,0.00026395671109938,1,0.000130429111777749,-0.000133527599321631,-0.505869310029999
"construction contractor",2,0.00026395671109938,1,0.000130429111777749,-0.000133527599321631,-0.505869310029999
"construction manager contract",2,0.00026395671109938,1,0.000130429111777749,-0.000133527599321631,-0.505869310029999
"development project manager",2,0.00026395671109938,1,0.000130429111777749,-0.000133527599321631,-0.505869310029999
"e surveyor",2,0.00026395671109938,1,0.000130429111777749,-0.000133527599321631,-0.505869310029999
"electrical electrical",2,0.00026395671109938,1,0.000130429111777749,-0.000133527599321631,-0.505869310029999
"gas manager",2,0.00026395671109938,1,0.000130429111777749,-0.000133527599321631,-0.505869310029999
"manager surveyor",2,0.00026395671109938,1,0.000130429111777749,-0.000133527599321631,-0.505869310029999
"p manager",2,0.00026395671109938,1,0.000130429111777749,-0.000133527599321631,-0.505869310029999
"project manager civils",2,0.00026395671109938,1,0.000130429111777749,-0.000133527599321631,-0.505869310029999
"project manager maintenance",2,0.00026395671109938,1,0.000130429111777749,-0.000133527599321631,-0.505869310029999
"project manager new build residential",2,0.00026395671109938,1,0.000130429111777749,-0.000133527599321631,-0.505869310029999
"project quantity surveyor residential",2,0.00026395671109938,1,0.000130429111777749,-0.000133527599321631,-0.505869310029999
"senior business development manager",2,0.00026395671109938,1,0.000130429111777749,-0.000133527599321631,-0.505869310029999
"senior development planner",2,0.00026395671109938,1,0.000130429111777749,-0.000133527599321631,-0.505869310029999
"senior e quantity surveyor",2,0.00026395671109938,1,0.000130429111777749,-0.000133527599321631,-0.505869310029999
"senior site manager new build",2,0.00026395671109938,1,0.000130429111777749,-0.000133527599321631,-0.505869310029999
"senior site manager project manager",2,0.00026395671109938,1,0.000130429111777749,-0.000133527599321631,-0.505869310029999
"site engineer engineer",2,0.00026395671109938,1,0.000130429111777749,-0.000133527599321631,-0.505869310029999
"site manager manager",2,0.00026395671109938,1,0.000130429111777749,-0.000133527599321631,-0.505869310029999
"site project manager",2,0.00026395671109938,1,0.000130429111777749,-0.000133527599321631,-0.505869310029999
"technical manager manager",2,0.00026395671109938,1,0.000130429111777749,-0.000133527599321631,-0.505869310029999
"trade",2,0.00026395671109938,1,0.000130429111777749,-0.000133527599321631,-0.505869310029999
"quantity surveyor commercial manager",4,0.000527913422198759,2,0.000260858223555498,-0.000267055198643262,-0.505869310029999
"quantity surveyor construction",4,0.000527913422198759,2,0.000260858223555498,-0.000267055198643262,-0.505869310029999
"trainee consultant",4,0.000527913422198759,2,0.000260858223555498,-0.000267055198643262,-0.505869310029999
"construction planner",8,0.00105582684439752,4,0.000521716447110995,-0.000534110397286524,-0.505869310029999
"project surveyor",8,0.00105582684439752,4,0.000521716447110995,-0.000534110397286524,-0.505869310029999
"quantity surveyor residential",16,0.00211165368879504,8,0.00104343289422199,-0.00106822079457305,-0.505869310029999
"business development manager",43,0.00567506928863666,21,0.00273901134733272,-0.00293605794130394,-0.51736072142465
"planner",89,0.0117460736439224,40,0.00521716447110995,-0.00652890917281245,-0.555837582049437
"manager residential",9,0.00118780519994721,4,0.000521716447110995,-0.000666088752836214,-0.560772720026666
"manager property",7,0.000923848488847829,3,0.000391287335333246,-0.000532561153514583,-0.576459408597142
"mechanical fitter",7,0.000923848488847829,3,0.000391287335333246,-0.000532561153514583,-0.576459408597142
"mechanical estimator",19,0.00250758875544411,8,0.00104343289422199,-0.00146415586122212,-0.58388994528842
"electrical manager",12,0.00158374026659628,5,0.000652145558888744,-0.000931594707707534,-0.588224425024999
"senior manager",42,0.00554309093308697,17,0.00221729490022173,-0.00332579603286524,-0.599989441452856
"senior commercial manager",5,0.000659891777748449,2,0.000260858223555498,-0.000399033554192952,-0.604695448023999
"site manager construction",5,0.000659891777748449,2,0.000260858223555498,-0.000399033554192952,-0.604695448023999
"asbestos",18,0.00237561039989442,7,0.000913003782444242,-0.00146260661745018,-0.615676130023332
"senior estimator",89,0.0117460736439224,33,0.00430416068866571,-0.00744191295525669,-0.633566005190786
"driver cpcs",11,0.00145176191104659,4,0.000521716447110995,-0.000930045463935593,-0.640632225476363
"assistant commercial manager",3,0.00039593506664907,1,0.000130429111777749,-0.000265505954871321,-0.670579540019999
"assistant estimator quantity surveyor",3,0.00039593506664907,1,0.000130429111777749,-0.000265505954871321,-0.670579540019999
"assistant planner",3,0.00039593506664907,1,0.000130429111777749,-0.000265505954871321,-0.670579540019999
"assistant quantity surveyor civils",3,0.00039593506664907,1,0.000130429111777749,-0.000265505954871321,-0.670579540019999
"commercial engineer",3,0.00039593506664907,1,0.000130429111777749,-0.000265505954871321,-0.670579540019999
"commercial property manager",3,0.00039593506664907,1,0.000130429111777749,-0.000265505954871321,-0.670579540019999
"construction project planner",3,0.00039593506664907,1,0.000130429111777749,-0.000265505954871321,-0.670579540019999
"design technician",3,0.00039593506664907,1,0.000130429111777749,-0.000265505954871321,-0.670579540019999
"e estimator",3,0.00039593506664907,1,0.000130429111777749,-0.000265505954871321,-0.670579540019999
"manager build contractor",3,0.00039593506664907,1,0.000130429111777749,-0.000265505954871321,-0.670579540019999
"operator cpcs",3,0.00039593506664907,1,0.000130429111777749,-0.000265505954871321,-0.670579540019999
"project manager quantity surveyor",3,0.00039593506664907,1,0.000130429111777749,-0.000265505954871321,-0.670579540019999
"quantity surveyor senior",3,0.00039593506664907,1,0.000130429111777749,-0.000265505954871321,-0.670579540019999
"senior civil estimator",3,0.00039593506664907,1,0.000130429111777749,-0.000265505954871321,-0.670579540019999
"senior electrical estimator",3,0.00039593506664907,1,0.000130429111777749,-0.000265505954871321,-0.670579540019999
"senior estimator construction",3,0.00039593506664907,1,0.000130429111777749,-0.000265505954871321,-0.670579540019999
"senior quantity surveyor contract",3,0.00039593506664907,1,0.000130429111777749,-0.000265505954871321,-0.670579540019999
"senior quantity surveyor k",3,0.00039593506664907,1,0.000130429111777749,-0.000265505954871321,-0.670579540019999
"site engineer civil",3,0.00039593506664907,1,0.000130429111777749,-0.000265505954871321,-0.670579540019999
"senior coordinator",6,0.000791870133298139,2,0.000260858223555498,-0.000531011909742642,-0.670579540019999
"trainee estate agent",6,0.000791870133298139,2,0.000260858223555498,-0.000531011909742642,-0.670579540019999
"mechanical project engineer",9,0.00118780519994721,3,0.000391287335333246,-0.000796517864613962,-0.670579540019999
"project coordinator",9,0.00118780519994721,3,0.000391287335333246,-0.000796517864613962,-0.670579540019999
"project director",18,0.00237561039989442,6,0.000782574670666493,-0.00159303572922792,-0.670579540019999
"mechanical design engineer",46,0.00607100435528573,13,0.00169557845311073,-0.004375425902175,-0.720708740451738
"design coordinator",11,0.00145176191104659,3,0.000391287335333246,-0.00106047457571334,-0.730474169107272
"e",11,0.00145176191104659,3,0.000391287335333246,-0.00106047457571334,-0.730474169107272
"asbestos surveyor k k",4,0.000527913422198759,1,0.000130429111777749,-0.000397484310421011,-0.752934655014999
"design manager construction",4,0.000527913422198759,1,0.000130429111777749,-0.000397484310421011,-0.752934655014999
"e manager contractor",4,0.000527913422198759,1,0.000130429111777749,-0.000397484310421011,-0.752934655014999
"engineer gas",4,0.000527913422198759,1,0.000130429111777749,-0.000397484310421011,-0.752934655014999
"estimator construction",4,0.000527913422198759,1,0.000130429111777749,-0.000397484310421011,-0.752934655014999
"manager civil",4,0.000527913422198759,1,0.000130429111777749,-0.000397484310421011,-0.752934655014999
"technical consultant",4,0.000527913422198759,1,0.000130429111777749,-0.000397484310421011,-0.752934655014999
"estimator surveyor",8,0.00105582684439752,2,0.000260858223555498,-0.000794968620842021,-0.752934655014999
"quantity surveyor maintenance",9,0.00118780519994721,2,0.000260858223555498,-0.000926946976391711,-0.780386360013333
"executive",43,0.00567506928863666,9,0.00117386200599974,-0.00450120728263692,-0.793154594896278
"engineer supervisor",5,0.000659891777748449,1,0.000130429111777749,-0.0005294626659707,-0.802347724011999
"new",5,0.000659891777748449,1,0.000130429111777749,-0.0005294626659707,-0.802347724011999
"property surveyor",5,0.000659891777748449,1,0.000130429111777749,-0.0005294626659707,-0.802347724011999
"safety manager",5,0.000659891777748449,1,0.000130429111777749,-0.0005294626659707,-0.802347724011999
"civils",10,0.0013197835554969,2,0.000260858223555498,-0.0010589253319414,-0.802347724011999
"quantity surveyor senior quantity surveyor",20,0.0026395671109938,4,0.000521716447110995,-0.0021178506638828,-0.802347724011999
"service",20,0.0026395671109938,4,0.000521716447110995,-0.0021178506638828,-0.802347724011999
"project engineer",36,0.00475122079978883,7,0.000913003782444242,-0.00383821701734459,-0.807838065011666
"senior design manager",16,0.00211165368879504,3,0.000391287335333246,-0.00172036635346179,-0.81470099126125
"senior electrical engineer",11,0.00145176191104659,2,0.000260858223555498,-0.00119090368749109,-0.820316112738181
"construction estimator",6,0.000791870133298139,1,0.000130429111777749,-0.00066144102152039,-0.83528977001
"e construction manager",6,0.000791870133298139,1,0.000130429111777749,-0.00066144102152039,-0.83528977001
"property manager manager",6,0.000791870133298139,1,0.000130429111777749,-0.00066144102152039,-0.83528977001
"electrical design engineer",48,0.00633496106638511,7,0.000913003782444242,-0.00542195728394087,-0.85587854875875
"asbestos p",7,0.000923848488847829,1,0.000130429111777749,-0.00079341937707008,-0.858819802865714
"electrical technician",7,0.000923848488847829,1,0.000130429111777749,-0.00079341937707008,-0.858819802865714
"senior mechanical estimator",7,0.000923848488847829,1,0.000130429111777749,-0.00079341937707008,-0.858819802865714
"service technician",7,0.000923848488847829,1,0.000130429111777749,-0.00079341937707008,-0.858819802865714
"asbestos p p",8,0.00105582684439752,1,0.000130429111777749,-0.00092539773261977,-0.8764673275075
"asbestos surveyor p p p",8,0.00105582684439752,1,0.000130429111777749,-0.00092539773261977,-0.8764673275075
"manager new build",8,0.00105582684439752,1,0.000130429111777749,-0.00092539773261977,-0.8764673275075
"project senior quantity surveyor",8,0.00105582684439752,1,0.000130429111777749,-0.00092539773261977,-0.8764673275075
"quantity surveyor civil",18,0.00237561039989442,2,0.000260858223555498,-0.00211475217633892,-0.890193180006666
"project planner",27,0.00356341559984163,3,0.000391287335333246,-0.00317212826450838,-0.890193180006666
"electrical project engineer",10,0.0013197835554969,1,0.000130429111777749,-0.00118935444371915,-0.901173862006
"maintenance surveyor",11,0.00145176191104659,1,0.000130429111777749,-0.00132133279926884,-0.910158056369091
"service advisor",14,0.00184769697769566,1,0.000130429111777749,-0.00171726786591791,-0.929409901432857
